{"cameraMode":{"drawMode":0,"name":"Shaded","section":"Shading Mode"},"sceneLighting":false,"audioPlay":false,"sceneViewState":{"showFog":true,"showMaterialUpdate":false,"showSkybox":false,"showFlares":true,"showImageEffects":true,"showParticleSystems":true},"in2DMode":false,"pivot":{"x":0.04960215091705322,"y":0.27024316787719729,"z":-0.4220466613769531},"rotation":{"x":0.08478357642889023,"y":0.8768039345741272,"z":-0.44251933693885805,"w":0.16798682510852815},"size":2.400017261505127,"orthographic":false}