{"cameraMode":{"drawMode":0,"name":"Shaded","section":"Shading Mode"},"sceneLighting":false,"audioPlay":false,"sceneViewState":{"showFog":true,"showMaterialUpdate":false,"showSkybox":false,"showFlares":true,"showImageEffects":true,"showParticleSystems":true},"in2DMode":false,"pivot":{"x":-123.46524047851563,"y":17.155963897705079,"z":27.878602981567384},"rotation":{"x":0.19180770218372346,"y":-0.5711662769317627,"z":0.13941004872322083,"w":0.7858433723449707},"size":38.65229797363281,"orthographic":false}