{"cameraMode":{"drawMode":0,"name":"Shaded","section":"Shading Mode"},"sceneLighting":false,"audioPlay":false,"sceneViewState":{"showFog":true,"showMaterialUpdate":false,"showSkybox":false,"showFlares":true,"showImageEffects":true,"showParticleSystems":true},"in2DMode":false,"pivot":{"x":-685.5628662109375,"y":7.520972728729248,"z":117.27030944824219},"rotation":{"x":0.1009889766573906,"y":0.86705082654953,"z":-0.4467885494232178,"w":0.19598600268363954},"size":13.327011108398438,"orthographic":false}