{"cameraMode":{"drawMode":0,"name":"Shaded","section":"Shading Mode"},"sceneLighting":false,"audioPlay":false,"sceneViewState":{"showFog":true,"showMaterialUpdate":false,"showSkybox":false,"showFlares":true,"showImageEffects":true,"showParticleSystems":true},"in2DMode":false,"pivot":{"x":-0.6100578308105469,"y":-1.4116744995117188,"z":1.1258444786071778},"rotation":{"x":0.18155062198638917,"y":0.7867056727409363,"z":-0.27289628982543948,"w":0.5233513116836548},"size":10.0,"orthographic":false}