{"cameraMode":{"drawMode":0,"name":"Shaded","section":"Shading Mode"},"sceneLighting":false,"audioPlay":false,"sceneViewState":{"showFog":true,"showMaterialUpdate":false,"showSkybox":false,"showFlares":true,"showImageEffects":true,"showParticleSystems":true},"in2DMode":false,"pivot":{"x":50.0,"y":1.2999999523162842,"z":16.149999618530275},"rotation":{"x":0.22780050337314607,"y":0.7007293105125427,"z":-0.2549128234386444,"w":0.6262072920799255},"size":2.9210433959960939,"orthographic":false}