{"cameraMode":{"drawMode":0,"name":"Shaded","section":"Shading Mode"},"sceneLighting":false,"audioPlay":false,"sceneViewState":{"showFog":true,"showMaterialUpdate":false,"showSkybox":false,"showFlares":true,"showImageEffects":true,"showParticleSystems":true},"in2DMode":false,"pivot":{"x":-5.567956447601318,"y":-11.73246955871582,"z":-18.286178588867189},"rotation":{"x":-0.04142671450972557,"y":0.9486897587776184,"z":-0.28041568398475649,"w":-0.14018626511096955},"size":13.612975120544434,"orthographic":false}