{"cameraMode":{"drawMode":0,"name":"Shaded","section":"Shading Mode"},"sceneLighting":false,"audioPlay":false,"sceneViewState":{"showFog":true,"showMaterialUpdate":false,"showSkybox":false,"showFlares":true,"showImageEffects":true,"showParticleSystems":true},"in2DMode":false,"pivot":{"x":6.756771087646484,"y":7.4940032958984379,"z":-15.867301940917969},"rotation":{"x":0.3640788495540619,"y":-0.1921299397945404,"z":0.07703626900911331,"w":0.9080821871757507},"size":35.44361877441406,"orthographic":false}