{"cameraMode":{"drawMode":0,"name":"Shaded","section":"Shading Mode"},"sceneLighting":false,"audioPlay":false,"sceneViewState":{"showFog":true,"showMaterialUpdate":false,"showSkybox":false,"showFlares":true,"showImageEffects":true,"showParticleSystems":true},"in2DMode":false,"pivot":{"x":-707.6285400390625,"y":7.446044921875,"z":81.05439758300781},"rotation":{"x":0.07913105189800263,"y":0.8393768668174744,"z":-0.5225244164466858,"w":0.1271185576915741},"size":231.77349853515626,"orthographic":false}