{"cameraMode":{"drawMode":0,"name":"Shaded","section":"Shading Mode"},"sceneLighting":true,"audioPlay":false,"sceneViewState":{"showFog":true,"showMaterialUpdate":false,"showSkybox":true,"showFlares":true,"showImageEffects":true,"showParticleSystems":true},"in2DMode":false,"pivot":{"x":0.0,"y":1.6291111707687379,"z":-0.905062198638916},"rotation":{"x":0.30078279972076418,"y":0.22795803844928742,"z":-0.07427985221147537,"w":0.923072099685669},"size":4.071772575378418,"orthographic":false}