{"cameraMode":{"drawMode":0,"name":"Shaded","section":"Shading Mode"},"sceneLighting":false,"audioPlay":false,"sceneViewState":{"showFog":true,"showMaterialUpdate":false,"showSkybox":false,"showFlares":true,"showImageEffects":true,"showParticleSystems":true},"in2DMode":false,"pivot":{"x":-0.000519871711730957,"y":0.7749812602996826,"z":0.0020705461502075197},"rotation":{"x":-0.11932431161403656,"y":-0.8776720762252808,"z":0.36478564143180849,"w":-0.28716734051704409},"size":1.145136833190918,"orthographic":false}