{"cameraMode":{"drawMode":0,"name":"Shaded","section":"Shading Mode"},"sceneLighting":false,"audioPlay":false,"sceneViewState":{"showFog":true,"showMaterialUpdate":false,"showSkybox":false,"showFlares":true,"showImageEffects":true,"showParticleSystems":true},"in2DMode":false,"pivot":{"x":-548.5467529296875,"y":69.886962890625,"z":52.711456298828128},"rotation":{"x":0.1009889766573906,"y":0.86705082654953,"z":-0.4467885494232178,"w":0.19598600268363954},"size":187.47320556640626,"orthographic":false}