{"cameraMode":{"drawMode":0,"name":"Shaded","section":"Shading Mode"},"sceneLighting":true,"audioPlay":false,"sceneViewState":{"showFog":true,"showMaterialUpdate":false,"showSkybox":true,"showFlares":true,"showImageEffects":true,"showParticleSystems":true},"in2DMode":false,"pivot":{"x":38.23863983154297,"y":7.5709991455078129,"z":-35.035316467285159},"rotation":{"x":0.45908546447753909,"y":0.36233898997306826,"z":-0.2124946415424347,"w":0.782819390296936},"size":143.2923126220703,"orthographic":false}