{"cameraMode":{"drawMode":0,"name":"Shaded","section":"Shading Mode"},"sceneLighting":false,"audioPlay":false,"sceneViewState":{"showFog":true,"showMaterialUpdate":false,"showSkybox":false,"showFlares":true,"showImageEffects":true,"showParticleSystems":true},"in2DMode":false,"pivot":{"x":0.1053152084350586,"y":-1.131071925163269,"z":-0.8781352639198303},"rotation":{"x":0.21813833713531495,"y":-0.5963762998580933,"z":0.17278563976287843,"w":0.7529321312904358},"size":3.8801236152648927,"orthographic":false}