{"cameraMode":{"drawMode":0,"name":"Shaded","section":"Shading Mode"},"sceneLighting":false,"audioPlay":false,"sceneViewState":{"showFog":true,"showMaterialUpdate":false,"showSkybox":false,"showFlares":true,"showImageEffects":true,"showParticleSystems":true},"in2DMode":false,"pivot":{"x":1.2097182273864747,"y":2.5962307453155519,"z":0.2298574447631836},"rotation":{"x":0.310565322637558,"y":-0.6360136866569519,"z":0.3114791214466095,"w":0.634154736995697},"size":1.6718252897262574,"orthographic":false}