{"cameraMode":{"drawMode":0,"name":"Shaded","section":"Shading Mode"},"sceneLighting":false,"audioPlay":false,"sceneViewState":{"showFog":true,"showMaterialUpdate":false,"showSkybox":false,"showFlares":true,"showImageEffects":true,"showParticleSystems":true},"in2DMode":false,"pivot":{"x":26.100000381469728,"y":5.0,"z":178.6999969482422},"rotation":{"x":-0.07830183953046799,"y":-0.11399561911821366,"z":0.009019721299409867,"w":-0.9903984665870667},"size":20.155643463134767,"orthographic":false}