{"cameraMode":{"drawMode":0,"name":"Shaded","section":"Shading Mode"},"sceneLighting":false,"audioPlay":false,"sceneViewState":{"showFog":true,"showMaterialUpdate":false,"showSkybox":false,"showFlares":true,"showImageEffects":true,"showParticleSystems":true},"in2DMode":false,"pivot":{"x":0.000011269349670328666,"y":-0.0000041661496652523059,"z":-0.000005286754458211362},"rotation":{"x":0.5956828594207764,"y":-0.31825578212738039,"z":0.2774561643600464,"w":0.6833038330078125},"size":3.900017023086548,"orthographic":false}