{"cameraMode":{"drawMode":0,"name":"Shaded","section":"Shading Mode"},"sceneLighting":false,"audioPlay":false,"sceneViewState":{"showFog":true,"showMaterialUpdate":false,"showSkybox":false,"showFlares":true,"showImageEffects":true,"showParticleSystems":true},"in2DMode":false,"pivot":{"x":26.100000381469728,"y":5.0,"z":178.6999969482422},"rotation":{"x":0.5977686047554016,"y":0.06116778776049614,"z":-0.04581901431083679,"w":0.7980276942253113},"size":20.155643463134767,"orthographic":false}