{"cameraMode":{"drawMode":0,"name":"Shaded","section":"Shading Mode"},"sceneLighting":false,"audioPlay":false,"sceneViewState":{"showFog":true,"showMaterialUpdate":false,"showSkybox":false,"showFlares":true,"showImageEffects":true,"showParticleSystems":true},"in2DMode":false,"pivot":{"x":-4.43373966217041,"y":-0.47317415475845339,"z":4.551205158233643},"rotation":{"x":0.053970422595739368,"y":0.011085494421422482,"z":-0.0005992847727611661,"w":0.9984829425811768},"size":5.469868183135986,"orthographic":false}