{"cameraMode":{"drawMode":0,"name":"Shaded","section":"Shading Mode"},"sceneLighting":true,"audioPlay":false,"sceneViewState":{"showFog":true,"showMaterialUpdate":false,"showSkybox":true,"showFlares":true,"showImageEffects":true,"showParticleSystems":true},"in2DMode":false,"pivot":{"x":11.65126895904541,"y":4.124279499053955,"z":-38.355289459228519},"rotation":{"x":0.0017727158265188337,"y":0.9217045307159424,"z":-0.38795170187950137,"w":0.004115008283406496},"size":17.721960067749025,"orthographic":false}