{"cameraMode":{"drawMode":0,"name":"Shaded","section":"Shading Mode"},"sceneLighting":false,"audioPlay":false,"sceneViewState":{"showFog":true,"showMaterialUpdate":false,"showSkybox":false,"showFlares":true,"showImageEffects":true,"showParticleSystems":true},"in2DMode":false,"pivot":{"x":0.0,"y":-1.2249999046325684,"z":1.3999998569488526},"rotation":{"x":-0.19802440702915193,"y":0.15509502589702607,"z":-0.03170726075768471,"w":-0.9674103856086731},"size":5.292001247406006,"orthographic":false}