{"cameraMode":{"drawMode":0,"name":"Shaded","section":"Shading Mode"},"sceneLighting":false,"audioPlay":false,"sceneViewState":{"showFog":true,"showMaterialUpdate":false,"showSkybox":false,"showFlares":true,"showImageEffects":true,"showParticleSystems":true},"in2DMode":false,"pivot":{"x":27.200000762939454,"y":1.2999999523162842,"z":18.649999618530275},"rotation":{"x":-0.25726693868637087,"y":-0.598041296005249,"z":0.289333313703537,"w":-0.701774537563324},"size":2.921044111251831,"orthographic":false}