{"cameraMode":{"drawMode":0,"name":"Shaded","section":"Shading Mode"},"sceneLighting":false,"audioPlay":false,"sceneViewState":{"showFog":true,"showMaterialUpdate":false,"showSkybox":false,"showFlares":true,"showImageEffects":true,"showParticleSystems":true},"in2DMode":false,"pivot":{"x":2.0290439128875734,"y":2.3720271587371828,"z":2.3002548217773439},"rotation":{"x":0.04305000603199005,"y":-0.8927164673805237,"z":0.024003904312849046,"w":-0.4479583203792572},"size":1.4824728965759278,"orthographic":false}