{"cameraMode":{"drawMode":0,"name":"Shaded","section":"Shading Mode"},"sceneLighting":true,"audioPlay":false,"sceneViewState":{"showFog":true,"showMaterialUpdate":false,"showSkybox":false,"showFlares":true,"showImageEffects":true,"showParticleSystems":true},"in2DMode":false,"pivot":{"x":500.4852294921875,"y":2.08750057220459,"z":500.4684753417969},"rotation":{"x":-0.006772433873265982,"y":0.9930914044380188,"z":-0.07402082532644272,"w":-0.09082513302564621},"size":10.560118675231934,"orthographic":false}