{"cameraMode":{"drawMode":0,"name":"Shaded","section":"Shading Mode"},"sceneLighting":false,"audioPlay":false,"sceneViewState":{"showFog":true,"showMaterialUpdate":false,"showSkybox":false,"showFlares":true,"showImageEffects":true,"showParticleSystems":true},"in2DMode":false,"pivot":{"x":-10.23134994506836,"y":1.364319920539856,"z":-6.717154026031494},"rotation":{"x":-0.13462205231189729,"y":-0.06327527016401291,"z":0.008614348247647286,"w":-0.9888371229171753},"size":2.598076105117798,"orthographic":false}