{"cameraMode":{"drawMode":0,"name":"Shaded","section":"Shading Mode"},"sceneLighting":true,"audioPlay":false,"sceneViewState":{"showFog":true,"showMaterialUpdate":false,"showSkybox":true,"showFlares":true,"showImageEffects":true,"showParticleSystems":true},"in2DMode":false,"pivot":{"x":37.96604537963867,"y":9.35721206665039,"z":6.800000190734863},"rotation":{"x":0.12330302596092224,"y":0.7969927191734314,"z":-0.17388314008712769,"w":0.5651391744613648},"size":1.1776378154754639,"orthographic":false}