{"cameraMode":{"drawMode":0,"name":"Shaded","section":"Shading Mode"},"sceneLighting":false,"audioPlay":false,"sceneViewState":{"showFog":true,"showMaterialUpdate":false,"showSkybox":false,"showFlares":true,"showImageEffects":true,"showParticleSystems":true},"in2DMode":false,"pivot":{"x":0.09640073776245117,"y":1.6312499046325684,"z":0.0},"rotation":{"x":0.3782000243663788,"y":0.6179457306861877,"z":-0.44152864813804629,"w":0.5293154716491699},"size":2.430454730987549,"orthographic":false}